week,day,date,time,home_team,home_xg,score,away_xg,away_team,attendance,venue,referee,match_report,notes,game_id
1,Sat,2023-08-19,18:30,Empoli,0.7,0–1,0.5,Hellas Verona,7940,Stadio Carlo Castellani,Luca Massimi,/en/matches/b787871d/Empoli-Hellas-Verona-August-19-2023-Serie-A,,b787871d
1,Sat,2023-08-19,18:30,Frosinone,0.9,1–3,1.5,Napoli,15822,Stadio Benito Stirpe,Matteo Marcenaro,/en/matches/305afcf5/Frosinone-Napoli-August-19-2023-Serie-A,,305afcf5
1,Sat,2023-08-19,20:45,Genoa,0.2,1–4,1.0,Fiorentina,33045,Stadio Comunale Luigi Ferraris,Giovanni Ayroldi,/en/matches/8260e428/Genoa-Fiorentina-August-19-2023-Serie-A,,8260e428
1,Sat,2023-08-19,20:45,Inter,2.7,2–0,0.8,Monza,72509,Stadio Giuseppe Meazza,Andrea Colombo,/en/matches/254420f7/Internazionale-Monza-August-19-2023-Serie-A,,254420f7
1,Sun,2023-08-20,20:45,Lecce,1.4,2–1,1.6,Lazio,29081,Stadio Comunale Via Del Mare,Federico Dionisi,/en/matches/3e38d727/Lecce-Lazio-August-20-2023-Serie-A,,3e38d727
1,Sun,2023-08-20,18:30,Roma,1.9,2–2,0.1,Salernitana,62050,Stadio Olimpico,Ermanno Feliciani,/en/matches/9191f715/Roma-Salernitana-August-20-2023-Serie-A,,9191f715
1,Sun,2023-08-20,18:30,Sassuolo,0.4,0–2,1.3,Atalanta,12298,Mapei Stadium - Città del Tricolore,Matteo Marchetti,/en/matches/32dc37db/Sassuolo-Atalanta-August-20-2023-Serie-A,,32dc37db
1,Sun,2023-08-20,20:45,Udinese,1.0,0–3,1.8,Juventus,24911,Bluenergy Stadium,Antonio Rapuano,/en/matches/8b6e8a62/Udinese-Juventus-August-20-2023-Serie-A,,8b6e8a62
1,Mon,2023-08-21,20:45,Bologna,1.0,0–2,0.9,Milan,30203,Stadio Renato Dall'Ara,Luca Pairetto,/en/matches/93dccf6e/Bologna-Milan-August-21-2023-Serie-A,,93dccf6e
1,Mon,2023-08-21,18:30,Torino,1.0,0–0,0.4,Cagliari,20296,Stadio Olimpico di Torino,Francesco Cosso,/en/matches/fdc03e7f/Torino-Cagliari-August-21-2023-Serie-A,,fdc03e7f
2,Sat,2023-08-26,18:30,Frosinone,0.7,2–1,1.6,Atalanta,13426,Stadio Benito Stirpe,Juan Sacchi,/en/matches/0b355cdd/Frosinone-Atalanta-August-26-2023-Serie-A,,0b355cdd
2,Sat,2023-08-26,20:45,Hellas Verona,0.7,2–1,1.5,Roma,23147,Stadio Marc'Antonio Bentegodi,Daniele Doveri,/en/matches/3c6a9d3d/Hellas-Verona-Roma-August-26-2023-Serie-A,,3c6a9d3d
2,Sat,2023-08-26,20:45,Milan,3.0,4–1,0.5,Torino,72013,Stadio Giuseppe Meazza,Maurizio Mariani,/en/matches/4cc2731e/Milan-Torino-August-26-2023-Serie-A,,4cc2731e
2,Sat,2023-08-26,18:30,Monza,2.0,2–0,1.0,Empoli,8155,U-Power Stadium,Gianluca Aureliano,/en/matches/3d880bc3/Monza-Empoli-August-26-2023-Serie-A,,3d880bc3
2,Sun,2023-08-27,18:30,Fiorentina,1.3,2–2,0.3,Lecce,34604,Stadio Artemio Franchi,Maria Sole Ferrieri Caputi,/en/matches/d179c57a/Fiorentina-Lecce-August-27-2023-Serie-A,,d179c57a
2,Sun,2023-08-27,18:30,Juventus,0.8,1–1,0.5,Bologna,36107,Allianz Stadium,Marco Di Bello,/en/matches/6992283e/Juventus-Bologna-August-27-2023-Serie-A,,6992283e
2,Sun,2023-08-27,20:45,Lazio,1.4,0–1,0.6,Genoa,40000,Stadio Olimpico,Livio Marinelli,/en/matches/e7878318/Lazio-Genoa-August-27-2023-Serie-A,,e7878318
2,Sun,2023-08-27,20:45,Napoli,3.5,2–0,0.2,Sassuolo,46925,Stadio Diego Armando Maradona,Antonio Giua,/en/matches/4401df22/Napoli-Sassuolo-August-27-2023-Serie-A,,4401df22
2,Mon,2023-08-28,20:45,Cagliari,0.6,0–2,0.9,Inter,16412,Unipol Domus,Michael Fabbri,/en/matches/631e94b3/Cagliari-Internazionale-August-28-2023-Serie-A,,631e94b3
2,Mon,2023-08-28,18:30,Salernitana,0.5,1–1,0.8,Udinese,20000,Stadio Arechi,Davide Massa,/en/matches/767c80b3/Salernitana-Udinese-August-28-2023-Serie-A,,767c80b3
3,Fri,2023-09-01,20:45,Roma,0.7,1–2,1.5,Milan,61690,Stadio Olimpico,Antonio Rapuano,/en/matches/03e9b7f3/Roma-Milan-September-1-2023-Serie-A,,03e9b7f3
3,Fri,2023-09-01,18:30,Sassuolo,1.7,3–1,0.6,Hellas Verona,10356,Mapei Stadium - Città del Tricolore,Marco Piccinini,/en/matches/ebe46174/Sassuolo-Hellas-Verona-September-1-2023-Serie-A,,ebe46174
3,Sat,2023-09-02,20:45,Atalanta,1.3,3–0,0.4,Monza,14985,Gewiss Stadium,Matteo Marcenaro,/en/matches/6e72c38b/Atalanta-Monza-September-2-2023-Serie-A,,6e72c38b
3,Sat,2023-09-02,18:30,Bologna,2.3,2–1,0.5,Cagliari,22818,Stadio Renato Dall'Ara,Daniele Orsato,/en/matches/1b8aeae3/Bologna-Cagliari-September-2-2023-Serie-A,,1b8aeae3
3,Sat,2023-09-02,20:45,Napoli,1.3,1–2,0.6,Lazio,42000,Stadio Diego Armando Maradona,Andrea Colombo,/en/matches/2c2145a0/Napoli-Lazio-September-2-2023-Serie-A,,2c2145a0
3,Sat,2023-09-02,18:30,Udinese,1.5,0–0,1.8,Frosinone,20116,Bluenergy Stadium,Marco Guida,/en/matches/6a639449/Udinese-Frosinone-September-2-2023-Serie-A,,6a639449
3,Sun,2023-09-03,20:45,Empoli,0.3,0–2,2.7,Juventus,15702,Stadio Carlo Castellani,Giovanni Ayroldi,/en/matches/b14694a6/Empoli-Juventus-September-3-2023-Serie-A,,b14694a6
3,Sun,2023-09-03,18:30,Inter,3.7,4–0,0.4,Fiorentina,72739,Stadio Giuseppe Meazza,Matteo Marchetti,/en/matches/c59bb445/Internazionale-Fiorentina-September-3-2023-Serie-A,,c59bb445
3,Sun,2023-09-03,20:45,Lecce,1.7,2–0,1.1,Salernitana,28052,Stadio Comunale Via Del Mare,Luca Massimi,/en/matches/79dc2417/Lecce-Salernitana-September-3-2023-Serie-A,,79dc2417
3,Sun,2023-09-03,18:30,Torino,0.4,1–0,0.2,Genoa,24433,Stadio Olimpico di Torino,Daniele Chiffi,/en/matches/83d4ffcd/Torino-Genoa-September-3-2023-Serie-A,,83d4ffcd
4,Sat,2023-09-16,20:45,Genoa,1.2,2–2,0.9,Napoli,33275,Stadio Comunale Luigi Ferraris,Michael Fabbri,/en/matches/528f1128/Genoa-Napoli-September-16-2023-Serie-A,,528f1128
4,Sat,2023-09-16,18:00,Inter,2.6,5–1,1.1,Milan,75571,Stadio Giuseppe Meazza,Simone Sozza,/en/matches/10a39d69/Derby-della-Madonnina-Internazionale-Milan-September-16-2023-Serie-A,,10a39d69
4,Sat,2023-09-16,15:00,Juventus,2.2,3–1,0.6,Lazio,40652,Allianz Stadium,Fabio Maresca,/en/matches/b3226234/Juventus-Lazio-September-16-2023-Serie-A,,b3226234
4,Sun,2023-09-17,12:30,Cagliari,1.6,0–0,0.7,Udinese,15121,Unipol Domus,Daniele Doveri,/en/matches/3ac89aa7/Cagliari-Udinese-September-17-2023-Serie-A,,3ac89aa7
4,Sun,2023-09-17,18:00,Fiorentina,1.1,3–2,0.7,Atalanta,32100,Stadio Artemio Franchi,Luca Pairetto,/en/matches/2a18afe9/Fiorentina-Atalanta-September-17-2023-Serie-A,,2a18afe9
4,Sun,2023-09-17,15:00,Frosinone,2.8,4–2,1.3,Sassuolo,13133,Stadio Benito Stirpe,Alessandro Prontera,/en/matches/f3fd4b8a/Frosinone-Sassuolo-September-17-2023-Serie-A,,f3fd4b8a
4,Sun,2023-09-17,15:00,Monza,2.2,1–1,0.9,Lecce,13074,U-Power Stadium,Livio Marinelli,/en/matches/3cf257a0/Monza-Lecce-September-17-2023-Serie-A,,3cf257a0
4,Sun,2023-09-17,20:45,Roma,2.4,7–0,0.2,Empoli,61443,Stadio Olimpico,Juan Sacchi,/en/matches/f164bc78/Roma-Empoli-September-17-2023-Serie-A,,f164bc78
4,Mon,2023-09-18,20:45,Hellas Verona,0.4,0–0,0.6,Bologna,18863,Stadio Marc'Antonio Bentegodi,Federico La Penna,/en/matches/2e114c4b/Hellas-Verona-Bologna-September-18-2023-Serie-A,,2e114c4b
4,Mon,2023-09-18,18:30,Salernitana,0.7,0–3,1.8,Torino,15480,Stadio Arechi,Antonio Giua,/en/matches/a9334418/Salernitana-Torino-September-18-2023-Serie-A,,a9334418
5,Fri,2023-09-22,20:45,Lecce,0.9,1–0,0.3,Genoa,27000,Stadio Comunale Via Del Mare,Antonio Rapuano,/en/matches/c66e200a/Lecce-Genoa-September-22-2023-Serie-A,,c66e200a
5,Fri,2023-09-22,18:30,Salernitana,1.1,1–1,0.7,Frosinone,16217,Stadio Arechi,Marco Piccinini,/en/matches/da7586b5/Salernitana-Frosinone-September-22-2023-Serie-A,,da7586b5
5,Sat,2023-09-23,20:45,Lazio,1.0,1–1,1.2,Monza,36000,Stadio Olimpico,Rosario Abisso,/en/matches/5778b5c6/Lazio-Monza-September-23-2023-Serie-A,,5778b5c6
5,Sat,2023-09-23,15:00,Milan,0.9,1–0,0.6,Hellas Verona,71070,Stadio Giuseppe Meazza,Fabio Maresca,/en/matches/bbc5eb68/Milan-Hellas-Verona-September-23-2023-Serie-A,,bbc5eb68
5,Sat,2023-09-23,18:00,Sassuolo,1.6,4–2,1.2,Juventus,20141,Mapei Stadium - Città del Tricolore,Andrea Colombo,/en/matches/14cf8fd1/Sassuolo-Juventus-September-23-2023-Serie-A,,14cf8fd1
5,Sun,2023-09-24,15:00,Atalanta,1.7,2–0,0.8,Cagliari,14739,Gewiss Stadium,Ermanno Feliciani,/en/matches/915c6bb6/Atalanta-Cagliari-September-24-2023-Serie-A,,915c6bb6
5,Sun,2023-09-24,18:00,Bologna,0.2,0–0,2.1,Napoli,26621,Stadio Renato Dall'Ara,Giovanni Ayroldi,/en/matches/17137b70/Bologna-Napoli-September-24-2023-Serie-A,,17137b70
5,Sun,2023-09-24,12:30,Empoli,0.3,0–1,1.6,Inter,15651,Stadio Carlo Castellani,Matteo Marcenaro,/en/matches/8d6212de/Empoli-Internazionale-September-24-2023-Serie-A,,8d6212de
5,Sun,2023-09-24,20:45,Torino,0.9,1–1,1.4,Roma,23299,Stadio Olimpico di Torino,Marco Guida,/en/matches/fdd625ef/Torino-Roma-September-24-2023-Serie-A,,fdd625ef
5,Sun,2023-09-24,15:00,Udinese,2.2,0–2,0.5,Fiorentina,21229,Bluenergy Stadium,Daniele Chiffi,/en/matches/a7ffc8e0/Udinese-Fiorentina-September-24-2023-Serie-A,,a7ffc8e0
6,Tue,2023-09-26,20:45,Juventus,1.4,1–0,0.1,Lecce,37498,Allianz Stadium,Antonio Giua,/en/matches/eb1af48a/Juventus-Lecce-September-26-2023-Serie-A,,eb1af48a
6,Wed,2023-09-27,18:30,Cagliari,0.9,1–3,2.1,Milan,16348,Unipol Domus,Federico La Penna,/en/matches/520c6833/Cagliari-Milan-September-27-2023-Serie-A,,520c6833
6,Wed,2023-09-27,18:30,Empoli,3.2,1–0,0.6,Salernitana,7979,Stadio Carlo Castellani,Antonio Rapuano,/en/matches/46a8983c/Empoli-Salernitana-September-27-2023-Serie-A,,46a8983c
6,Wed,2023-09-27,18:30,Hellas Verona,0.5,0–1,1.2,Atalanta,15936,Stadio Marc'Antonio Bentegodi,Federico Dionisi,/en/matches/3e492e66/Hellas-Verona-Atalanta-September-27-2023-Serie-A,,3e492e66
6,Wed,2023-09-27,20:45,Inter,0.9,1–2,1.0,Sassuolo,70864,Stadio Giuseppe Meazza,Luca Massimi,/en/matches/e70ac4b1/Internazionale-Sassuolo-September-27-2023-Serie-A,,e70ac4b1
6,Wed,2023-09-27,20:45,Lazio,0.9,2–0,0.3,Torino,35100,Stadio Olimpico,Michael Fabbri,/en/matches/69d105e3/Lazio-Torino-September-27-2023-Serie-A,,69d105e3
6,Wed,2023-09-27,20:45,Napoli,3.3,4–1,0.7,Udinese,45305,Stadio Diego Armando Maradona,Gianluca Manganiello,/en/matches/464aa9ae/Napoli-Udinese-September-27-2023-Serie-A,,464aa9ae
6,Thu,2023-09-28,18:30,Frosinone,0.7,1–1,1.4,Fiorentina,14755,Stadio Benito Stirpe,Francesco Fourneau,/en/matches/c8e4b03a/Frosinone-Fiorentina-September-28-2023-Serie-A,,c8e4b03a
6,Thu,2023-09-28,20:45,Genoa,1.1,4–1,1.4,Roma,32961,Stadio Comunale Luigi Ferraris,Daniele Orsato,/en/matches/44c33847/Genoa-Roma-September-28-2023-Serie-A,,44c33847
6,Thu,2023-09-28,18:30,Monza,0.7,0–0,0.7,Bologna,8930,U-Power Stadium,Ivan Pezzuto,/en/matches/9a8e6c44/Monza-Bologna-September-28-2023-Serie-A,,9a8e6c44
7,Sat,2023-09-30,15:00,Lecce,0.5,0–4,2.5,Napoli,27588,Stadio Comunale Via Del Mare,Luca Pairetto,/en/matches/4c10f199/Lecce-Napoli-September-30-2023-Serie-A,,4c10f199
7,Sat,2023-09-30,18:00,Milan,2.2,2–0,0.5,Lazio,72035,Stadio Giuseppe Meazza,Davide Massa,/en/matches/a315e1cc/Milan-Lazio-September-30-2023-Serie-A,,a315e1cc
7,Sat,2023-09-30,20:45,Salernitana,0.6,0–4,2.3,Inter,28085,Stadio Arechi,Rosario Abisso,/en/matches/276d542d/Salernitana-Internazionale-September-30-2023-Serie-A,,276d542d
7,Sun,2023-10-01,18:00,Atalanta,1.2,0–0,0.2,Juventus,14811,Gewiss Stadium,Daniele Chiffi,/en/matches/13a50e02/Atalanta-Juventus-October-1-2023-Serie-A,,13a50e02
7,Sun,2023-10-01,12:30,Bologna,2.4,3–0,0.9,Empoli,23689,Stadio Renato Dall'Ara,Fabio Maresca,/en/matches/8f129029/Bologna-Empoli-October-1-2023-Serie-A,,8f129029
7,Sun,2023-10-01,20:45,Roma,0.6,2–0,0.9,Frosinone,62638,Stadio Olimpico,Matteo Marchetti,/en/matches/0133f321/Roma-Frosinone-October-1-2023-Serie-A,,0133f321
7,Sun,2023-10-01,15:00,Udinese,1.3,2–2,0.8,Genoa,20805,Bluenergy Stadium,Maurizio Mariani,/en/matches/507d7e86/Udinese-Genoa-October-1-2023-Serie-A,,507d7e86
7,Mon,2023-10-02,20:45,Fiorentina,1.2,3–0,0.8,Cagliari,27309,Stadio Artemio Franchi,Marco Di Bello,/en/matches/7dd8d98a/Fiorentina-Cagliari-October-2-2023-Serie-A,,7dd8d98a
7,Mon,2023-10-02,18:30,Sassuolo,1.4,0–1,1.5,Monza,10165,Mapei Stadium - Città del Tricolore,Luca Zufferli,/en/matches/13b84a7a/Sassuolo-Monza-October-2-2023-Serie-A,,13b84a7a
7,Mon,2023-10-02,18:30,Torino,0.6,0–0,0.3,Hellas Verona,19419,Stadio Olimpico di Torino,Ermanno Feliciani,/en/matches/ea8ff4b0/Torino-Hellas-Verona-October-2-2023-Serie-A,,ea8ff4b0
8,Fri,2023-10-06,18:30,Empoli,1.3,0–0,0.7,Udinese,7128,Stadio Carlo Castellani,Michael Fabbri,/en/matches/2397e099/Empoli-Udinese-October-6-2023-Serie-A,,2397e099
8,Fri,2023-10-06,20:45,Lecce,1.7,1–1,1.5,Sassuolo,26160,Stadio Comunale Via Del Mare,Juan Sacchi,/en/matches/26509ebd/Lecce-Sassuolo-October-6-2023-Serie-A,,26509ebd
8,Sat,2023-10-07,20:45,Genoa,0.5,0–1,0.6,Milan,33157,Stadio Comunale Luigi Ferraris,Marco Piccinini,/en/matches/3bd415eb/Genoa-Milan-October-7-2023-Serie-A,,3bd415eb
8,Sat,2023-10-07,15:00,Inter,0.7,2–2,1.3,Bologna,74072,Stadio Giuseppe Meazza,Marco Guida,/en/matches/b46d0026/Internazionale-Bologna-October-7-2023-Serie-A,,b46d0026
8,Sat,2023-10-07,18:00,Juventus,1.9,2–0,0.6,Torino,38858,Allianz Stadium,Davide Massa,/en/matches/1d1f902c/Juventus-Torino-October-7-2023-Serie-A,,1d1f902c
8,Sun,2023-10-08,18:00,Cagliari,1.7,1–4,2.6,Roma,16307,Unipol Domus,Simone Sozza,/en/matches/604ceaa0/Cagliari-Roma-October-8-2023-Serie-A,,604ceaa0
8,Sun,2023-10-08,15:00,Frosinone,1.8,2–1,0.8,Hellas Verona,13034,Stadio Benito Stirpe,Maria Sole Ferrieri Caputi,/en/matches/ea945c75/Frosinone-Hellas-Verona-October-8-2023-Serie-A,,ea945c75
8,Sun,2023-10-08,15:00,Lazio,1.6,3–2,1.0,Atalanta,41000,Stadio Olimpico,Daniele Orsato,/en/matches/c0603b97/Lazio-Atalanta-October-8-2023-Serie-A,,c0603b97
8,Sun,2023-10-08,12:30,Monza,2.8,3–0,0.6,Salernitana,12494,U-Power Stadium,Luca Massimi,/en/matches/d0fdea52/Monza-Salernitana-October-8-2023-Serie-A,,d0fdea52
8,Sun,2023-10-08,20:45,Napoli,1.8,1–3,2.1,Fiorentina,45000,Stadio Diego Armando Maradona,Federico La Penna,/en/matches/2cc7a7ed/Napoli-Fiorentina-October-8-2023-Serie-A,,2cc7a7ed
9,Sat,2023-10-21,15:00,Hellas Verona,1.3,1–3,2.3,Napoli,20549,Stadio Marc'Antonio Bentegodi,Rosario Abisso,/en/matches/a4d889b8/Hellas-Verona-Napoli-October-21-2023-Serie-A,,a4d889b8
9,Sat,2023-10-21,20:45,Sassuolo,0.5,0–2,2.3,Lazio,15597,Mapei Stadium - Città del Tricolore,Marco Di Bello,/en/matches/b756439f/Sassuolo-Lazio-October-21-2023-Serie-A,,b756439f
9,Sat,2023-10-21,18:00,Torino,0.4,0–3,2.5,Inter,26193,Stadio Olimpico di Torino,Matteo Marchetti,/en/matches/e8141133/Torino-Internazionale-October-21-2023-Serie-A,,e8141133
9,Sun,2023-10-22,18:00,Atalanta,1.2,2–0,1.0,Genoa,14848,Gewiss Stadium,Livio Marinelli,/en/matches/045aca2a/Atalanta-Genoa-October-22-2023-Serie-A,,045aca2a
9,Sun,2023-10-22,15:00,Bologna,1.5,2–1,1.5,Frosinone,26729,Stadio Renato Dall'Ara,Daniele Doveri,/en/matches/04811e11/Bologna-Frosinone-October-22-2023-Serie-A,,04811e11
9,Sun,2023-10-22,20:45,Milan,0.3,0–1,1.4,Juventus,75676,Stadio Giuseppe Meazza,Maurizio Mariani,/en/matches/bea57463/Milan-Juventus-October-22-2023-Serie-A,,bea57463
9,Sun,2023-10-22,12:30,Roma,1.7,1–0,0.4,Monza,62022,Stadio Olimpico,Giovanni Ayroldi,/en/matches/87563b45/Roma-Monza-October-22-2023-Serie-A,,87563b45
9,Sun,2023-10-22,15:00,Salernitana,1.5,2–2,1.7,Cagliari,17409,Stadio Arechi,Daniele Chiffi,/en/matches/6635e569/Salernitana-Cagliari-October-22-2023-Serie-A,,6635e569
9,Mon,2023-10-23,20:45,Fiorentina,1.0,0–2,1.5,Empoli,43147,Stadio Artemio Franchi,Federico Dionisi,/en/matches/e961a763/Fiorentina-Empoli-October-23-2023-Serie-A,,e961a763
9,Mon,2023-10-23,18:30,Udinese,2.1,1–1,0.8,Lecce,20113,Bluenergy Stadium,Paride Tremolada,/en/matches/cd802be7/Udinese-Lecce-October-23-2023-Serie-A,,cd802be7
10,Fri,2023-10-27,20:45,Genoa,0.5,1–0,0.6,Salernitana,31904,Stadio Comunale Luigi Ferraris,Davide Massa,/en/matches/7f1d09c9/Genoa-Salernitana-October-27-2023-Serie-A,,7f1d09c9
10,Sat,2023-10-28,20:45,Juventus,3.3,1–0,0.3,Hellas Verona,39429,Allianz Stadium,Ermanno Feliciani,/en/matches/0c01fc2f/Juventus-Hellas-Verona-October-28-2023-Serie-A,,0c01fc2f
10,Sat,2023-10-28,18:00,Lecce,0.5,0–1,0.8,Torino,26123,Stadio Comunale Via Del Mare,Gianluca Aureliano,/en/matches/8fe12227/Lecce-Torino-October-28-2023-Serie-A,,8fe12227
10,Sat,2023-10-28,15:00,Sassuolo,0.9,1–1,1.0,Bologna,16931,Mapei Stadium - Città del Tricolore,Antonio Giua,/en/matches/4f7ed7cb/Sassuolo-Bologna-October-28-2023-Serie-A,,4f7ed7cb
10,Sun,2023-10-29,12:30,Cagliari,3.4,4–3,1.5,Frosinone,15946,Unipol Domus,Luca Pairetto,/en/matches/0272be62/Cagliari-Frosinone-October-29-2023-Serie-A,,0272be62
10,Sun,2023-10-29,18:00,Inter,2.2,1–0,0.1,Roma,75573,Stadio Giuseppe Meazza,Fabio Maresca,/en/matches/027a1ba2/Internazionale-Roma-October-29-2023-Serie-A,,027a1ba2
10,Sun,2023-10-29,15:00,Monza,0.5,1–1,1.1,Udinese,10311,U-Power Stadium,Alessandro Prontera,/en/matches/70a51fa4/Monza-Udinese-October-29-2023-Serie-A,,70a51fa4
10,Sun,2023-10-29,20:45,Napoli,1.7,2–2,2.0,Milan,54000,Stadio Diego Armando Maradona,Daniele Orsato,/en/matches/ede9d5b8/Napoli-Milan-October-29-2023-Serie-A,,ede9d5b8
10,Mon,2023-10-30,18:30,Empoli,0.3,0–3,1.6,Atalanta,7825,Stadio Carlo Castellani,Luca Massimi,/en/matches/6e46ce92/Empoli-Atalanta-October-30-2023-Serie-A,,6e46ce92
10,Mon,2023-10-30,20:45,Lazio,1.9,1–0,0.4,Fiorentina,35000,Stadio Olimpico,Matteo Marcenaro,/en/matches/624e865d/Lazio-Fiorentina-October-30-2023-Serie-A,,624e865d
11,Fri,2023-11-03,20:45,Bologna,0.6,1–0,0.5,Lazio,24178,Stadio Renato Dall'Ara,Federico La Penna,/en/matches/f1f6882a/Bologna-Lazio-November-3-2023-Serie-A,,f1f6882a
11,Sat,2023-11-04,18:00,Atalanta,1.0,1–2,1.3,Inter,14945,Gewiss Stadium,Simone Sozza,/en/matches/c8fcbfaf/Atalanta-Internazionale-November-4-2023-Serie-A,,c8fcbfaf
11,Sat,2023-11-04,20:45,Milan,0.9,0–1,1.4,Udinese,71018,Stadio Giuseppe Meazza,Juan Sacchi,/en/matches/8a7a42ac/Milan-Udinese-November-4-2023-Serie-A,,8a7a42ac
11,Sat,2023-11-04,15:00,Salernitana,0.3,0–2,1.4,Napoli,16812,Stadio Arechi,Antonio Rapuano,/en/matches/ab7a7fcd/Salernitana-Napoli-November-4-2023-Serie-A,,ab7a7fcd
11,Sun,2023-11-05,15:00,Cagliari,0.9,2–1,1.0,Genoa,16412,Unipol Domus,Marco Guida,/en/matches/56068b2c/Cagliari-Genoa-November-5-2023-Serie-A,,56068b2c
11,Sun,2023-11-05,20:45,Fiorentina,0.7,0–1,0.7,Juventus,38225,Stadio Artemio Franchi,Daniele Chiffi,/en/matches/8603814f/Fiorentina-Juventus-November-5-2023-Serie-A,,8603814f
11,Sun,2023-11-05,12:30,Hellas Verona,1.0,1–3,0.9,Monza,17505,Stadio Marc'Antonio Bentegodi,Giuseppe Collu,/en/matches/128aed93/Hellas-Verona-Monza-November-5-2023-Serie-A,,128aed93
11,Sun,2023-11-05,18:00,Roma,2.0,2–1,0.8,Lecce,64790,Stadio Olimpico,Andrea Colombo,/en/matches/4c1693f0/Roma-Lecce-November-5-2023-Serie-A,,4c1693f0
11,Mon,2023-11-06,18:30,Frosinone,0.8,2–1,1.5,Empoli,13229,Stadio Benito Stirpe,Gianluca Manganiello,/en/matches/5dfc2507/Frosinone-Empoli-November-6-2023-Serie-A,,5dfc2507
11,Mon,2023-11-06,20:45,Torino,3.5,2–1,0.5,Sassuolo,18000,Stadio Olimpico di Torino,Maria Sole Ferrieri Caputi,/en/matches/d9d399b5/Torino-Sassuolo-November-6-2023-Serie-A,,d9d399b5
12,Fri,2023-11-10,20:45,Genoa,1.6,1–0,0.2,Hellas Verona,30421,Stadio Comunale Luigi Ferraris,Daniele Orsato,/en/matches/1aa2417e/Genoa-Hellas-Verona-November-10-2023-Serie-A,,1aa2417e
12,Fri,2023-11-10,18:30,Sassuolo,2.9,2–2,0.8,Salernitana,10945,Mapei Stadium - Città del Tricolore,Davide Ghersini,/en/matches/3de0d6e2/Sassuolo-Salernitana-November-10-2023-Serie-A,,3de0d6e2
12,Sat,2023-11-11,18:00,Juventus,2.3,2–1,0.6,Cagliari,39892,Allianz Stadium,Marco Piccinini,/en/matches/30bc4996/Juventus-Cagliari-November-11-2023-Serie-A,,30bc4996
12,Sat,2023-11-11,15:00,Lecce,1.4,2–2,1.1,Milan,26480,Stadio Comunale Via Del Mare,Rosario Abisso,/en/matches/26587ad3/Lecce-Milan-November-11-2023-Serie-A,,26587ad3
12,Sat,2023-11-11,20:45,Monza,0.9,1–1,1.0,Torino,11777,U-Power Stadium,Daniele Doveri,/en/matches/2f8d44e3/Monza-Torino-November-11-2023-Serie-A,,2f8d44e3
12,Sun,2023-11-12,15:00,Fiorentina,1.4,2–1,1.8,Bologna,29750,Stadio Artemio Franchi,Fabio Maresca,/en/matches/0bdc5ea4/Derby-dellAppennino-Fiorentina-Bologna-November-12-2023-Serie-A,,0bdc5ea4
12,Sun,2023-11-12,20:45,Inter,3.1,2–0,0.7,Frosinone,70816,Stadio Giuseppe Meazza,Federico Dionisi,/en/matches/93b6cf24/Internazionale-Frosinone-November-12-2023-Serie-A,,93b6cf24
12,Sun,2023-11-12,18:00,Lazio,0.4,0–0,0.4,Roma,63000,Stadio Olimpico,Davide Massa,/en/matches/1c159031/Lazio-Roma-November-12-2023-Serie-A,,1c159031
12,Sun,2023-11-12,12:30,Napoli,0.9,0–1,0.5,Empoli,50500,Stadio Diego Armando Maradona,Alessandro Prontera,/en/matches/c54b9d5c/Napoli-Empoli-November-12-2023-Serie-A,,c54b9d5c
12,Sun,2023-11-12,15:00,Udinese,1.5,1–1,0.7,Atalanta,23100,Bluenergy Stadium,Gianluca Aureliano,/en/matches/df8d2100/Udinese-Atalanta-November-12-2023-Serie-A,,df8d2100
13,Sat,2023-11-25,18:00,Atalanta,1.0,1–2,2.0,Napoli,14743,Gewiss Stadium,Maurizio Mariani,/en/matches/67af3925/Atalanta-Napoli-November-25-2023-Serie-A,,67af3925
13,Sat,2023-11-25,20:45,Milan,1.8,1–0,1.8,Fiorentina,73074,Stadio Giuseppe Meazza,Marco Di Bello,/en/matches/875da0ea/Milan-Fiorentina-November-25-2023-Serie-A,,875da0ea
13,Sat,2023-11-25,15:00,Salernitana,1.7,2–1,2.0,Lazio,16700,Stadio Arechi,Alessandro Prontera,/en/matches/0084ffeb/Salernitana-Lazio-November-25-2023-Serie-A,,0084ffeb
13,Sun,2023-11-26,12:30,Cagliari,1.6,1–1,0.7,Monza,16291,Unipol Domus,Matteo Marchetti,/en/matches/47ec2cb2/Cagliari-Monza-November-26-2023-Serie-A,,47ec2cb2
13,Sun,2023-11-26,15:00,Empoli,1.4,3–4,2.3,Sassuolo,9954,Stadio Carlo Castellani,Simone Sozza,/en/matches/ff49299b/Empoli-Sassuolo-November-26-2023-Serie-A,,ff49299b
13,Sun,2023-11-26,15:00,Frosinone,0.6,2–1,1.3,Genoa,14018,Stadio Benito Stirpe,Luca Zufferli,/en/matches/1860d133/Frosinone-Genoa-November-26-2023-Serie-A,,1860d133
13,Sun,2023-11-26,20:45,Juventus,0.4,1–1,0.9,Inter,41507,Allianz Stadium,Marco Guida,/en/matches/5d1039da/Derby-dItalia-Juventus-Internazionale-November-26-2023-Serie-A,,5d1039da
13,Sun,2023-11-26,18:00,Roma,1.4,3–1,0.5,Udinese,61015,Stadio Olimpico,Luca Massimi,/en/matches/2b8b1d61/Roma-Udinese-November-26-2023-Serie-A,,2b8b1d61
13,Mon,2023-11-27,20:45,Bologna,1.5,2–0,0.4,Torino,20705,Stadio Renato Dall'Ara,Andrea Colombo,/en/matches/a564e4e1/Bologna-Torino-November-27-2023-Serie-A,,a564e4e1
13,Mon,2023-11-27,18:30,Hellas Verona,1.7,2–2,1.0,Lecce,16730,Stadio Marc'Antonio Bentegodi,Federico La Penna,/en/matches/d50d93be/Hellas-Verona-Lecce-November-27-2023-Serie-A,,d50d93be
14,Fri,2023-12-01,20:45,Monza,0.7,1–2,2.5,Juventus,15148,U-Power Stadium,Michael Fabbri,/en/matches/54baa72c/Monza-Juventus-December-1-2023-Serie-A,,54baa72c
14,Sat,2023-12-02,15:00,Genoa,1.0,1–1,0.8,Empoli,30747,Stadio Comunale Luigi Ferraris,Gianluca Aureliano,/en/matches/0780d7e3/Genoa-Empoli-December-2-2023-Serie-A,,0780d7e3
14,Sat,2023-12-02,18:00,Lazio,2.0,1–0,0.6,Cagliari,37000,Stadio Olimpico,Federico Dionisi,/en/matches/e8ae600f/Lazio-Cagliari-December-2-2023-Serie-A,,e8ae600f
14,Sat,2023-12-02,20:45,Milan,1.2,3–1,0.7,Frosinone,68684,Stadio Giuseppe Meazza,Matteo Marchetti,/en/matches/c2a7440f/Milan-Frosinone-December-2-2023-Serie-A,,c2a7440f
14,Sun,2023-12-03,15:00,Fiorentina,2.5,3–0,0.8,Salernitana,26286,Stadio Artemio Franchi,Paride Tremolada,/en/matches/d152da0e/Fiorentina-Salernitana-December-3-2023-Serie-A,,d152da0e
14,Sun,2023-12-03,12:30,Lecce,1.5,1–1,1.2,Bologna,24326,Stadio Comunale Via Del Mare,Daniele Doveri,/en/matches/5e47db9d/Lecce-Bologna-December-3-2023-Serie-A,,5e47db9d
14,Sun,2023-12-03,20:45,Napoli,0.6,0–3,2.7,Inter,55000,Stadio Diego Armando Maradona,Davide Massa,/en/matches/60106a8e/Napoli-Internazionale-December-3-2023-Serie-A,,60106a8e
14,Sun,2023-12-03,18:00,Sassuolo,0.8,1–2,2.3,Roma,19113,Mapei Stadium - Città del Tricolore,Matteo Marcenaro,/en/matches/78393dd6/Sassuolo-Roma-December-3-2023-Serie-A,,78393dd6
14,Sun,2023-12-03,15:00,Udinese,1.9,3–3,1.3,Hellas Verona,22294,Bluenergy Stadium,Fabio Maresca,/en/matches/18868f08/Udinese-Hellas-Verona-December-3-2023-Serie-A,,18868f08
14,Mon,2023-12-04,20:45,Torino,1.7,3–0,0.5,Atalanta,18507,Stadio Olimpico di Torino,Marco Piccinini,/en/matches/426a05d8/Torino-Atalanta-December-4-2023-Serie-A,,426a05d8
15,Fri,2023-12-08,20:45,Juventus,0.9,1–0,1.2,Napoli,41400,Allianz Stadium,Daniele Orsato,/en/matches/f2ffde12/Juventus-Napoli-December-8-2023-Serie-A,,f2ffde12
15,Sat,2023-12-09,18:00,Atalanta,3.3,3–2,1.5,Milan,14907,Gewiss Stadium,Federico La Penna,/en/matches/0c234040/Atalanta-Milan-December-9-2023-Serie-A,,0c234040
15,Sat,2023-12-09,15:00,Hellas Verona,1.0,1–1,1.0,Lazio,28311,Stadio Marc'Antonio Bentegodi,Giovanni Ayroldi,/en/matches/5325a9b6/Hellas-Verona-Lazio-December-9-2023-Serie-A,,5325a9b6
15,Sat,2023-12-09,20:45,Inter,3.5,4–0,0.8,Udinese,71874,Stadio Giuseppe Meazza,Marco Di Bello,/en/matches/26772f25/Internazionale-Udinese-December-9-2023-Serie-A,,26772f25
15,Sun,2023-12-10,12:30,Frosinone,0.8,0–0,1.2,Torino,13807,Stadio Benito Stirpe,Luca Massimi,/en/matches/5f74c6e7/Frosinone-Torino-December-10-2023-Serie-A,,5f74c6e7
15,Sun,2023-12-10,15:00,Monza,0.4,1–0,1.4,Genoa,13283,U-Power Stadium,Giuseppe Collu,/en/matches/c46b68ad/Monza-Genoa-December-10-2023-Serie-A,,c46b68ad
15,Sun,2023-12-10,20:45,Roma,0.7,1–1,1.5,Fiorentina,60932,Stadio Olimpico,Antonio Rapuano,/en/matches/ebfc4b5d/Roma-Fiorentina-December-10-2023-Serie-A,,ebfc4b5d
15,Sun,2023-12-10,18:00,Salernitana,0.5,1–2,2.1,Bologna,16700,Stadio Arechi,Simone Sozza,/en/matches/1935ee01/Salernitana-Bologna-December-10-2023-Serie-A,,1935ee01
15,Mon,2023-12-11,20:45,Cagliari,1.1,2–1,0.8,Sassuolo,15769,Unipol Domus,Maurizio Mariani,/en/matches/9d5df4d8/Cagliari-Sassuolo-December-11-2023-Serie-A,,9d5df4d8
15,Mon,2023-12-11,18:30,Empoli,1.4,1–1,0.8,Lecce,7152,Stadio Carlo Castellani,Andrea Colombo,/en/matches/a83df9d0/Empoli-Lecce-December-11-2023-Serie-A,,a83df9d0
16,Fri,2023-12-15,20:45,Genoa,0.8,1–1,1.7,Juventus,33232,Stadio Comunale Luigi Ferraris,Davide Massa,/en/matches/c95a31e6/Genoa-Juventus-December-15-2023-Serie-A,,c95a31e6
16,Sat,2023-12-16,15:00,Lecce,0.7,2–1,1.7,Frosinone,23645,Stadio Comunale Via Del Mare,Luca Zufferli,/en/matches/9ca90d35/Lecce-Frosinone-December-16-2023-Serie-A,,9ca90d35
16,Sat,2023-12-16,18:00,Napoli,1.8,2–1,1.1,Cagliari,45000,Stadio Diego Armando Maradona,Matteo Marcenaro,/en/matches/1b1b2ce1/Napoli-Cagliari-December-16-2023-Serie-A,,1b1b2ce1
16,Sat,2023-12-16,20:45,Torino,1.1,1–0,0.3,Empoli,17815,Stadio Olimpico di Torino,Livio Marinelli,/en/matches/d64c7b97/Torino-Empoli-December-16-2023-Serie-A,,d64c7b97
16,Sun,2023-12-17,18:00,Bologna,0.5,2–0,0.6,Roma,25579,Stadio Renato Dall'Ara,Marco Guida,/en/matches/0562758e/Bologna-Roma-December-17-2023-Serie-A,,0562758e
16,Sun,2023-12-17,15:00,Fiorentina,0.5,1–0,2.5,Hellas Verona,26311,Stadio Artemio Franchi,Maria Sole Ferrieri Caputi,/en/matches/182d1f9b/Fiorentina-Hellas-Verona-December-17-2023-Serie-A,,182d1f9b
16,Sun,2023-12-17,20:45,Lazio,1.5,0–2,1.6,Inter,59000,Stadio Olimpico,Fabio Maresca,/en/matches/ebcc474c/Lazio-Internazionale-December-17-2023-Serie-A,,ebcc474c
16,Sun,2023-12-17,12:30,Milan,2.0,3–0,1.5,Monza,70538,Stadio Giuseppe Meazza,Gianluca Aureliano,/en/matches/5c1fc7a4/Milan-Monza-December-17-2023-Serie-A,,5c1fc7a4
16,Sun,2023-12-17,15:00,Udinese,0.8,2–2,3.0,Sassuolo,20490,Bluenergy Stadium,Gianluca Manganiello,/en/matches/2e9fcf23/Udinese-Sassuolo-December-17-2023-Serie-A,,2e9fcf23
16,Mon,2023-12-18,20:45,Atalanta,1.9,4–1,1.3,Salernitana,14264,Gewiss Stadium,Ermanno Feliciani,/en/matches/09971293/Atalanta-Salernitana-December-18-2023-Serie-A,,09971293
17,Fri,2023-12-22,18:30,Empoli,0.8,0–2,2.3,Lazio,8800,Stadio Carlo Castellani,Matteo Marchetti,/en/matches/ff7b7785/Empoli-Lazio-December-22-2023-Serie-A,,ff7b7785
17,Fri,2023-12-22,20:45,Monza,0.7,0–1,2.0,Fiorentina,10120,U-Power Stadium,Juan Sacchi,/en/matches/9c0fc917/Monza-Fiorentina-December-22-2023-Serie-A,,9c0fc917
17,Fri,2023-12-22,20:45,Salernitana,1.4,2–2,2.2,Milan,23467,Stadio Arechi,Daniele Doveri,/en/matches/bdb5f23c/Salernitana-Milan-December-22-2023-Serie-A,,bdb5f23c
17,Fri,2023-12-22,18:30,Sassuolo,1.4,1–2,1.6,Genoa,11745,Mapei Stadium - Città del Tricolore,Marco Guida,/en/matches/fc3e6bb7/Sassuolo-Genoa-December-22-2023-Serie-A,,fc3e6bb7
17,Sat,2023-12-23,15:00,Bologna,0.7,1–0,1.2,Atalanta,28082,Stadio Renato Dall'Ara,Antonio Rapuano,/en/matches/bf3695d0/Bologna-Atalanta-December-23-2023-Serie-A,,bf3695d0
17,Sat,2023-12-23,12:30,Frosinone,0.5,1–2,1.1,Juventus,38225,Stadio Benito Stirpe,Maurizio Mariani,/en/matches/44fc849f/Frosinone-Juventus-December-23-2023-Serie-A,,44fc849f
17,Sat,2023-12-23,18:00,Hellas Verona,0.9,2–0,0.8,Cagliari,16716,Stadio Marc'Antonio Bentegodi,Daniele Orsato,/en/matches/bd8f8dc3/Hellas-Verona-Cagliari-December-23-2023-Serie-A,,bd8f8dc3
17,Sat,2023-12-23,18:00,Inter,2.9,2–0,1.3,Lecce,72723,Stadio Giuseppe Meazza,Matteo Marcenaro,/en/matches/a4100b39/Internazionale-Lecce-December-23-2023-Serie-A,,a4100b39
17,Sat,2023-12-23,20:45,Roma,1.9,2–0,0.7,Napoli,62141,Stadio Olimpico,Andrea Colombo,/en/matches/b532dc3c/Derby-del-Sole-Roma-Napoli-December-23-2023-Serie-A,,b532dc3c
17,Sat,2023-12-23,15:00,Torino,1.0,1–1,0.9,Udinese,23546,Stadio Olimpico di Torino,Michael Fabbri,/en/matches/325f62dc/Torino-Udinese-December-23-2023-Serie-A,,325f62dc
18,Fri,2023-12-29,18:30,Fiorentina,0.5,1–0,0.3,Torino,32915,Stadio Artemio Franchi,Federico La Penna,/en/matches/af10add0/Fiorentina-Torino-December-29-2023-Serie-A,,af10add0
18,Fri,2023-12-29,20:45,Genoa,0.5,1–1,1.8,Inter,33249,Stadio Comunale Luigi Ferraris,Daniele Doveri,/en/matches/ce6440ec/Genoa-Internazionale-December-29-2023-Serie-A,,ce6440ec
18,Fri,2023-12-29,20:45,Lazio,1.5,3–1,1.1,Frosinone,40000,Stadio Olimpico,Ermanno Feliciani,/en/matches/0127e76f/Lazio-Frosinone-December-29-2023-Serie-A,,0127e76f
18,Fri,2023-12-29,18:30,Napoli,2.0,0–0,1.1,Monza,32915,Stadio Diego Armando Maradona,Marco Di Bello,/en/matches/247f8cd7/Napoli-Monza-December-29-2023-Serie-A,,247f8cd7
18,Sat,2023-12-30,12:30,Atalanta,1.1,1–0,1.2,Lecce,14864,Gewiss Stadium,Gianluca Manganiello,/en/matches/65cf973f/Atalanta-Lecce-December-30-2023-Serie-A,,65cf973f
18,Sat,2023-12-30,15:00,Cagliari,1.8,0–0,0.3,Empoli,16125,Unipol Domus,Fabio Maresca,/en/matches/9baa497e/Cagliari-Empoli-December-30-2023-Serie-A,,9baa497e
18,Sat,2023-12-30,18:00,Hellas Verona,0.8,0–1,0.5,Salernitana,18181,Stadio Marc'Antonio Bentegodi,Maurizio Mariani,/en/matches/c3c1ffd2/Hellas-Verona-Salernitana-December-30-2023-Serie-A,,c3c1ffd2
18,Sat,2023-12-30,20:45,Juventus,1.1,1–0,0.5,Roma,41503,Allianz Stadium,Simone Sozza,/en/matches/d034386f/Juventus-Roma-December-30-2023-Serie-A,,d034386f
18,Sat,2023-12-30,18:00,Milan,1.5,1–0,0.5,Sassuolo,70385,Stadio Giuseppe Meazza,Livio Marinelli,/en/matches/2441721c/Milan-Sassuolo-December-30-2023-Serie-A,,2441721c
18,Sat,2023-12-30,15:00,Udinese,1.1,3–0,0.9,Bologna,24786,Bluenergy Stadium,Daniele Orsato,/en/matches/9577ee17/Udinese-Bologna-December-30-2023-Serie-A,,9577ee17
19,Fri,2024-01-05,20:45,Bologna,1.3,1–1,0.1,Genoa,25095,Stadio Renato Dall'Ara,Andrea Colombo,/en/matches/430b16c5/Bologna-Genoa-January-5-2024-Serie-A,,430b16c5
19,Sat,2024-01-06,15:00,Frosinone,1.2,2–3,1.3,Monza,13146,Stadio Benito Stirpe,Maria Sole Ferrieri Caputi,/en/matches/79f61c8a/Frosinone-Monza-January-6-2024-Serie-A,,79f61c8a
19,Sat,2024-01-06,12:30,Inter,1.9,2–1,1.3,Hellas Verona,71691,Stadio Giuseppe Meazza,Michael Fabbri,/en/matches/d238abdd/Internazionale-Hellas-Verona-January-6-2024-Serie-A,,d238abdd
19,Sat,2024-01-06,18:00,Lecce,1.5,1–1,1.0,Cagliari,25203,Stadio Comunale Via Del Mare,Davide Massa,/en/matches/77d540ef/Lecce-Cagliari-January-6-2024-Serie-A,,77d540ef
19,Sat,2024-01-06,20:45,Sassuolo,0.9,1–0,1.2,Fiorentina,15759,Mapei Stadium - Città del Tricolore,Rosario Abisso,/en/matches/729b1cb3/Sassuolo-Fiorentina-January-6-2024-Serie-A,,729b1cb3
19,Sun,2024-01-07,12:30,Empoli,0.9,0–3,1.7,Milan,15009,Stadio Carlo Castellani,Federico La Penna,/en/matches/84fd252a/Empoli-Milan-January-7-2024-Serie-A,,84fd252a
19,Sun,2024-01-07,20:45,Roma,2.1,1–1,0.7,Atalanta,60022,Stadio Olimpico,Gianluca Aureliano,/en/matches/6d865e81/Roma-Atalanta-January-7-2024-Serie-A,,6d865e81
19,Sun,2024-01-07,18:00,Salernitana,0.8,1–2,2.0,Juventus,40548,Stadio Arechi,Marco Guida,/en/matches/e74d3589/Salernitana-Juventus-January-7-2024-Serie-A,,e74d3589
19,Sun,2024-01-07,15:00,Torino,2.1,3–0,1.0,Napoli,23960,Stadio Olimpico di Torino,Maurizio Mariani,/en/matches/6dd86ed1/Torino-Napoli-January-7-2024-Serie-A,,6dd86ed1
19,Sun,2024-01-07,15:00,Udinese,0.7,1–2,0.5,Lazio,23033,Bluenergy Stadium,Juan Sacchi,/en/matches/65d51821/Udinese-Lazio-January-7-2024-Serie-A,,65d51821
20,Sat,2024-01-13,15:00,Genoa,0.5,0–0,0.4,Torino,33019,Stadio Comunale Luigi Ferraris,Antonio Giua,/en/matches/6b9bc82f/Genoa-Torino-January-13-2024-Serie-A,,6b9bc82f
20,Sat,2024-01-13,18:00,Hellas Verona,0.8,2–1,0.8,Empoli,28723,Stadio Marc'Antonio Bentegodi,Daniele Doveri,/en/matches/1e1a6ee6/Hellas-Verona-Empoli-January-13-2024-Serie-A,,1e1a6ee6
20,Sat,2024-01-13,20:45,Monza,1.0,1–5,4.3,Inter,14670,U-Power Stadium,Antonio Rapuano,/en/matches/f42d4375/Monza-Internazionale-January-13-2024-Serie-A,,f42d4375
20,Sat,2024-01-13,15:00,Napoli,2.2,2–1,0.1,Salernitana,35000,Stadio Diego Armando Maradona,Livio Marinelli,/en/matches/4481a44c/Napoli-Salernitana-January-13-2024-Serie-A,,4481a44c
20,Sun,2024-01-14,15:00,Cagliari,0.7,2–1,0.6,Bologna,15980,Unipol Domus,Gianluca Manganiello,/en/matches/91852b28/Cagliari-Bologna-January-14-2024-Serie-A,,91852b28
20,Sun,2024-01-14,18:00,Fiorentina,1.3,2–2,1.2,Udinese,23686,Stadio Artemio Franchi,Luca Pairetto,/en/matches/b52c1e88/Fiorentina-Udinese-January-14-2024-Serie-A,,b52c1e88
20,Sun,2024-01-14,12:30,Lazio,0.9,1–0,1.1,Lecce,40000,Stadio Olimpico,Maria Sole Ferrieri Caputi,/en/matches/945c196b/Lazio-Lecce-January-14-2024-Serie-A,,945c196b
20,Sun,2024-01-14,20:45,Milan,1.5,3–1,1.4,Roma,74198,Stadio Giuseppe Meazza,Marco Guida,/en/matches/3877f7ac/Milan-Roma-January-14-2024-Serie-A,,3877f7ac
20,Mon,2024-01-15,20:45,Atalanta,3.7,5–0,0.4,Frosinone,14195,Gewiss Stadium,Alessandro Prontera,/en/matches/fb9c9cdb/Atalanta-Frosinone-January-15-2024-Serie-A,,fb9c9cdb
20,Tue,2024-01-16,20:45,Juventus,1.2,3–0,0.3,Sassuolo,39005,Allianz Stadium,Marco Piccinini,/en/matches/a5520dc8/Juventus-Sassuolo-January-16-2024-Serie-A,,a5520dc8
21,Sat,2024-01-20,18:00,Roma,0.9,2–1,1.1,Hellas Verona,61857,Stadio Olimpico,Juan Sacchi,/en/matches/4979e519/Roma-Hellas-Verona-January-20-2024-Serie-A,,4979e519
21,Sat,2024-01-20,20:45,Udinese,0.6,2–3,2.6,Milan,24591,Bluenergy Stadium,Fabio Maresca,/en/matches/5bfc3571/Udinese-Milan-January-20-2024-Serie-A,,5bfc3571
21,Sun,2024-01-21,15:00,Empoli,1.3,3–0,0.8,Monza,7650,Stadio Carlo Castellani,Antonio Giua,/en/matches/57d1e07a/Empoli-Monza-January-21-2024-Serie-A,,57d1e07a
21,Sun,2024-01-21,12:30,Frosinone,2.8,3–1,0.6,Cagliari,13925,Stadio Benito Stirpe,Federico Dionisi,/en/matches/b6ac3781/Frosinone-Cagliari-January-21-2024-Serie-A,,b6ac3781
21,Sun,2024-01-21,20:45,Lecce,0.6,0–3,2.1,Juventus,28074,Stadio Comunale Via Del Mare,Daniele Doveri,/en/matches/5faf15cc/Lecce-Juventus-January-21-2024-Serie-A,,5faf15cc
21,Sun,2024-01-21,18:00,Salernitana,0.8,1–2,1.1,Genoa,17440,Stadio Arechi,Daniele Orsato,/en/matches/9513979f/Salernitana-Genoa-January-21-2024-Serie-A,,9513979f
22,Fri,2024-01-26,20:45,Cagliari,2.2,1–2,1.6,Torino,16196,Unipol Domus,Andrea Colombo,/en/matches/94279bcd/Cagliari-Torino-January-26-2024-Serie-A,,94279bcd
22,Sat,2024-01-27,15:00,Atalanta,1.1,2–0,0.6,Udinese,14716,Gewiss Stadium,Marco Piccinini,/en/matches/8d8d45e1/Atalanta-Udinese-January-27-2024-Serie-A,,8d8d45e1
22,Sat,2024-01-27,18:00,Juventus,0.8,1–1,0.8,Empoli,39518,Allianz Stadium,Livio Marinelli,/en/matches/ae33c4fb/Juventus-Empoli-January-27-2024-Serie-A,,ae33c4fb
22,Sat,2024-01-27,20:45,Milan,3.3,2–2,1.8,Bologna,71334,Stadio Giuseppe Meazza,Davide Massa,/en/matches/0956366b/Milan-Bologna-January-27-2024-Serie-A,,0956366b
22,Sun,2024-01-28,20:45,Fiorentina,1.8,0–1,0.5,Inter,35084,Stadio Artemio Franchi,Gianluca Aureliano,/en/matches/102c1e1a/Fiorentina-Internazionale-January-28-2024-Serie-A,,102c1e1a
22,Sun,2024-01-28,12:30,Genoa,1.7,2–1,1.8,Lecce,32152,Stadio Comunale Luigi Ferraris,Luca Pairetto,/en/matches/73b5dbc0/Genoa-Lecce-January-28-2024-Serie-A,,73b5dbc0
22,Sun,2024-01-28,15:00,Hellas Verona,2.2,1–1,1.2,Frosinone,17529,Stadio Marc'Antonio Bentegodi,Federico La Penna,/en/matches/4d9bfc36/Hellas-Verona-Frosinone-January-28-2024-Serie-A,,4d9bfc36
22,Sun,2024-01-28,18:00,Lazio,0.5,0–0,0.2,Napoli,30000,Stadio Olimpico,Daniele Orsato,/en/matches/5f2e86f8/Lazio-Napoli-January-28-2024-Serie-A,,5f2e86f8
22,Sun,2024-01-28,15:00,Monza,0.4,1–0,0.8,Sassuolo,9882,U-Power Stadium,Gianluca Manganiello,/en/matches/16c39caa/Monza-Sassuolo-January-28-2024-Serie-A,,16c39caa
22,Mon,2024-01-29,20:45,Salernitana,1.2,1–2,1.6,Roma,18038,Stadio Arechi,Marco Di Bello,/en/matches/d0918b41/Salernitana-Roma-January-29-2024-Serie-A,,d0918b41
23,Fri,2024-02-02,20:45,Lecce,2.6,3–2,1.1,Fiorentina,24778,Stadio Comunale Via Del Mare,Antonio Giua,/en/matches/28d15df1/Lecce-Fiorentina-February-2-2024-Serie-A,,28d15df1
23,Sat,2024-02-03,20:45,Bologna,1.1,4–2,0.8,Sassuolo,20932,Stadio Renato Dall'Ara,Juan Sacchi,/en/matches/6b5e4d06/Bologna-Sassuolo-February-3-2024-Serie-A,,6b5e4d06
23,Sat,2024-02-03,15:00,Empoli,0.6,0–0,0.6,Genoa,10374,Stadio Carlo Castellani,Ermanno Feliciani,/en/matches/fdc54c79/Empoli-Genoa-February-3-2024-Serie-A,,fdc54c79
23,Sat,2024-02-03,18:00,Frosinone,1.0,2–3,1.4,Milan,16050,Stadio Benito Stirpe,Luca Pairetto,/en/matches/14c72d2c/Frosinone-Milan-February-3-2024-Serie-A,,14c72d2c
23,Sat,2024-02-03,15:00,Udinese,0.9,0–0,0.1,Monza,11373,Bluenergy Stadium,Alessandro Prontera,/en/matches/31094073/Udinese-Monza-February-3-2024-Serie-A,,31094073
23,Sun,2024-02-04,18:00,Atalanta,2.3,3–1,1.2,Lazio,14492,Gewiss Stadium,Marco Guida,/en/matches/839bed1a/Atalanta-Lazio-February-4-2024-Serie-A,,839bed1a
23,Sun,2024-02-04,20:45,Inter,1.7,1–0,0.6,Juventus,75547,Stadio Giuseppe Meazza,Fabio Maresca,/en/matches/df2030e2/Derby-dItalia-Internazionale-Juventus-February-4-2024-Serie-A,,df2030e2
23,Sun,2024-02-04,15:00,Napoli,1.2,2–1,0.9,Hellas Verona,44000,Stadio Diego Armando Maradona,Marco Piccinini,/en/matches/9333828d/Napoli-Hellas-Verona-February-4-2024-Serie-A,,9333828d
23,Sun,2024-02-04,12:30,Torino,0.8,0–0,0.1,Salernitana,24461,Stadio Olimpico di Torino,Daniele Chiffi,/en/matches/0aa345fd/Torino-Salernitana-February-4-2024-Serie-A,,0aa345fd
23,Mon,2024-02-05,20:45,Roma,2.5,4–0,0.6,Cagliari,61755,Stadio Olimpico,Matteo Marcenaro,/en/matches/798802e2/Roma-Cagliari-February-5-2024-Serie-A,,798802e2
24,Fri,2024-02-09,20:45,Salernitana,0.9,1–3,2.2,Empoli,18511,Stadio Arechi,Maurizio Mariani,/en/matches/41f47040/Salernitana-Empoli-February-9-2024-Serie-A,,41f47040
24,Sat,2024-02-10,15:00,Cagliari,0.8,1–3,1.3,Lazio,16155,Unipol Domus,Marco Di Bello,/en/matches/c058cdf4/Cagliari-Lazio-February-10-2024-Serie-A,,c058cdf4
24,Sat,2024-02-10,18:00,Roma,0.7,2–4,0.9,Inter,65044,Stadio Olimpico,Marco Guida,/en/matches/7d4cb549/Roma-Internazionale-February-10-2024-Serie-A,,7d4cb549
24,Sat,2024-02-10,20:45,Sassuolo,0.4,1–1,1.0,Torino,10955,Mapei Stadium - Città del Tricolore,Daniele Orsato,/en/matches/44120e9d/Sassuolo-Torino-February-10-2024-Serie-A,,44120e9d
24,Sun,2024-02-11,15:00,Bologna,1.5,4–0,1.2,Lecce,24658,Stadio Renato Dall'Ara,Gianluca Manganiello,/en/matches/50fb8ad3/Bologna-Lecce-February-11-2024-Serie-A,,50fb8ad3
24,Sun,2024-02-11,12:30,Fiorentina,2.2,5–1,1.1,Frosinone,25397,Stadio Artemio Franchi,Ermanno Feliciani,/en/matches/6d37f665/Fiorentina-Frosinone-February-11-2024-Serie-A,,6d37f665
24,Sun,2024-02-11,18:00,Genoa,0.8,1–4,2.1,Atalanta,31201,Stadio Comunale Luigi Ferraris,Andrea Colombo,/en/matches/af2e9e84/Genoa-Atalanta-February-11-2024-Serie-A,,af2e9e84
24,Sun,2024-02-11,20:45,Milan,0.9,1–0,0.7,Napoli,73891,Stadio Giuseppe Meazza,Daniele Doveri,/en/matches/07524327/Milan-Napoli-February-11-2024-Serie-A,,07524327
24,Sun,2024-02-11,15:00,Monza,0.7,0–0,0.7,Hellas Verona,10855,U-Power Stadium,Davide Massa,/en/matches/5cba7c58/Monza-Hellas-Verona-February-11-2024-Serie-A,,5cba7c58
24,Mon,2024-02-12,20:45,Juventus,1.7,0–1,0.7,Udinese,38856,Allianz Stadium,Rosario Abisso,/en/matches/70d80153/Juventus-Udinese-February-12-2024-Serie-A,,70d80153
21,Wed,2024-02-14,19:00,Bologna,2.1,2–0,0.9,Fiorentina,25684,Stadio Renato Dall'Ara,Daniele Chiffi,/en/matches/218232ce/Derby-dellAppennino-Bologna-Fiorentina-February-14-2024-Serie-A,,218232ce
25,Fri,2024-02-16,21:00,Inter,3.9,4–0,0.0,Salernitana,72609,Stadio Giuseppe Meazza,Marco Piccinini,/en/matches/19a73f2f/Internazionale-Salernitana-February-16-2024-Serie-A,,19a73f2f
25,Fri,2024-02-16,19:00,Torino,1.2,2–0,0.5,Lecce,22457,Stadio Olimpico di Torino,Giovanni Ayroldi,/en/matches/adbef025/Torino-Lecce-February-16-2024-Serie-A,,adbef025
25,Sat,2024-02-17,20:45,Atalanta,4.2,3–0,1.6,Sassuolo,14474,Gewiss Stadium,Alessandro Prontera,/en/matches/1e203a3e/Atalanta-Sassuolo-February-17-2024-Serie-A,,1e203a3e
25,Sat,2024-02-17,18:00,Hellas Verona,0.6,2–2,1.8,Juventus,26000,Stadio Marc'Antonio Bentegodi,Marco Di Bello,/en/matches/b690885f/Hellas-Verona-Juventus-February-17-2024-Serie-A,,b690885f
25,Sat,2024-02-17,15:00,Napoli,1.4,1–1,0.3,Genoa,47000,Stadio Diego Armando Maradona,Juan Sacchi,/en/matches/bf05bb55/Napoli-Genoa-February-17-2024-Serie-A,,bf05bb55
25,Sun,2024-02-18,15:00,Empoli,1.0,1–1,0.7,Fiorentina,12490,Stadio Carlo Castellani,Luca Pairetto,/en/matches/802e40b2/Empoli-Fiorentina-February-18-2024-Serie-A,,802e40b2
25,Sun,2024-02-18,18:00,Frosinone,1.4,0–3,1.8,Roma,16056,Stadio Benito Stirpe,Antonio Giua,/en/matches/ea07d8c6/Frosinone-Roma-February-18-2024-Serie-A,,ea07d8c6
25,Sun,2024-02-18,12:30,Lazio,1.1,1–2,1.4,Bologna,37000,Stadio Olimpico,Fabio Maresca,/en/matches/c79de8a0/Lazio-Bologna-February-18-2024-Serie-A,,c79de8a0
25,Sun,2024-02-18,20:45,Monza,1.8,4–2,1.3,Milan,14319,U-Power Stadium,Andrea Colombo,/en/matches/c735ea6b/Monza-Milan-February-18-2024-Serie-A,,c735ea6b
25,Sun,2024-02-18,15:00,Udinese,1.0,1–1,0.2,Cagliari,15445,Bluenergy Stadium,Maurizio Mariani,/en/matches/8b73e145/Udinese-Cagliari-February-18-2024-Serie-A,,8b73e145
21,Thu,2024-02-22,20:45,Torino,1.5,0–2,0.5,Lazio,22742,Stadio Olimpico di Torino,Federico La Penna,/en/matches/e7598003/Torino-Lazio-February-22-2024-Serie-A,,e7598003
26,Fri,2024-02-23,20:45,Bologna,1.6,2–0,0.6,Hellas Verona,26033,Stadio Renato Dall'Ara,Rosario Abisso,/en/matches/35d4984a/Bologna-Hellas-Verona-February-23-2024-Serie-A,,35d4984a
26,Sat,2024-02-24,20:45,Genoa,1.3,2–0,0.3,Udinese,31126,Stadio Comunale Luigi Ferraris,Francesco Fourneau,/en/matches/e0b0bdc5/Genoa-Udinese-February-24-2024-Serie-A,,e0b0bdc5
26,Sat,2024-02-24,18:00,Salernitana,0.9,0–2,2.4,Monza,18560,Stadio Arechi,Michael Fabbri,/en/matches/9eb1114c/Salernitana-Monza-February-24-2024-Serie-A,,9eb1114c
26,Sat,2024-02-24,15:00,Sassuolo,1.7,2–3,2.0,Empoli,,Mapei Stadium - Città del Tricolore,Gianluca Aureliano,/en/matches/fd1c0d24/Sassuolo-Empoli-February-24-2024-Serie-A,,fd1c0d24
26,Sun,2024-02-25,15:00,Cagliari,0.7,1–1,1.3,Napoli,16382,Unipol Domus,Luca Pairetto,/en/matches/9809e688/Cagliari-Napoli-February-25-2024-Serie-A,,9809e688
26,Sun,2024-02-25,12:30,Juventus,2.0,3–2,0.4,Frosinone,40719,Allianz Stadium,Antonio Rapuano,/en/matches/21134622/Juventus-Frosinone-February-25-2024-Serie-A,,21134622
26,Sun,2024-02-25,18:00,Lecce,1.0,0–4,2.9,Inter,27910,Stadio Comunale Via Del Mare,Daniele Doveri,/en/matches/e65f6ac6/Lecce-Internazionale-February-25-2024-Serie-A,,e65f6ac6
26,Sun,2024-02-25,20:45,Milan,1.3,1–1,1.1,Atalanta,71264,Stadio Giuseppe Meazza,Daniele Orsato,/en/matches/030a751b/Milan-Atalanta-February-25-2024-Serie-A,,030a751b
26,Mon,2024-02-26,20:45,Fiorentina,2.5,2–1,0.3,Lazio,25190,Stadio Artemio Franchi,Marco Guida,/en/matches/76d3d638/Fiorentina-Lazio-February-26-2024-Serie-A,,76d3d638
26,Mon,2024-02-26,18:30,Roma,1.4,3–2,0.6,Torino,61595,Stadio Olimpico,Juan Sacchi,/en/matches/60c4d8af/Roma-Torino-February-26-2024-Serie-A,,60c4d8af
21,Wed,2024-02-28,20:45,Inter,2.0,4–0,0.3,Atalanta,71422,Stadio Giuseppe Meazza,Andrea Colombo,/en/matches/70446f62/Internazionale-Atalanta-February-28-2024-Serie-A,,70446f62
21,Wed,2024-02-28,18:00,Sassuolo,0.3,1–6,2.7,Napoli,17085,Mapei Stadium - Città del Tricolore,Daniele Chiffi,/en/matches/3019b840/Sassuolo-Napoli-February-28-2024-Serie-A,,3019b840
27,Fri,2024-03-01,20:45,Lazio,1.3,0–1,1.0,Milan,48000,Stadio Olimpico,Marco Di Bello,/en/matches/2c7b2e0f/Lazio-Milan-March-1-2024-Serie-A,,2c7b2e0f
27,Sat,2024-03-02,18:00,Monza,0.9,1–4,1.8,Roma,14188,U-Power Stadium,Marco Piccinini,/en/matches/d4ae6c82/Monza-Roma-March-2-2024-Serie-A,,d4ae6c82
27,Sat,2024-03-02,20:45,Torino,0.6,0–0,0.6,Fiorentina,22845,Stadio Olimpico di Torino,Matteo Marchetti,/en/matches/576d1e86/Torino-Fiorentina-March-2-2024-Serie-A,,576d1e86
27,Sat,2024-03-02,15:00,Udinese,1.8,1–1,1.1,Salernitana,20189,Bluenergy Stadium,Gianluca Manganiello,/en/matches/9b628018/Udinese-Salernitana-March-2-2024-Serie-A,,9b628018
27,Sun,2024-03-03,18:00,Atalanta,1.4,1–2,1.3,Bologna,14931,Gewiss Stadium,Federico La Penna,/en/matches/27aab55a/Atalanta-Bologna-March-3-2024-Serie-A,,27aab55a
27,Sun,2024-03-03,15:00,Empoli,1.4,0–1,0.6,Cagliari,11223,Stadio Carlo Castellani,Antonio Rapuano,/en/matches/af92650d/Empoli-Cagliari-March-3-2024-Serie-A,,af92650d
27,Sun,2024-03-03,15:00,Frosinone,1.3,1–1,1.2,Lecce,15334,Stadio Benito Stirpe,Marco Guida,/en/matches/0960e2c8/Frosinone-Lecce-March-3-2024-Serie-A,,0960e2c8
27,Sun,2024-03-03,12:30,Hellas Verona,0.4,1–0,0.5,Sassuolo,19338,Stadio Marc'Antonio Bentegodi,Fabio Maresca,/en/matches/90141069/Hellas-Verona-Sassuolo-March-3-2024-Serie-A,,90141069
27,Sun,2024-03-03,20:45,Napoli,2.1,2–1,1.6,Juventus,52000,Stadio Diego Armando Maradona,Maurizio Mariani,/en/matches/51db492f/Napoli-Juventus-March-3-2024-Serie-A,,51db492f
27,Mon,2024-03-04,20:45,Inter,1.8,2–1,0.8,Genoa,75421,Stadio Giuseppe Meazza,Giovanni Ayroldi,/en/matches/c4577218/Internazionale-Genoa-March-4-2024-Serie-A,,c4577218
28,Fri,2024-03-08,20:45,Napoli,1.6,1–1,0.9,Torino,42000,Stadio Diego Armando Maradona,Daniele Orsato,/en/matches/9d189799/Napoli-Torino-March-8-2024-Serie-A,,9d189799
28,Sat,2024-03-09,18:00,Bologna,0.6,0–1,0.9,Inter,30204,Stadio Renato Dall'Ara,Luca Pairetto,/en/matches/de22618d/Bologna-Internazionale-March-9-2024-Serie-A,,de22618d
28,Sat,2024-03-09,15:00,Cagliari,3.3,4–2,0.9,Salernitana,16118,Unipol Domus,Francesco Fourneau,/en/matches/446ec5e0/Cagliari-Salernitana-March-9-2024-Serie-A,,446ec5e0
28,Sat,2024-03-09,20:45,Genoa,2.1,2–3,1.7,Monza,,Stadio Comunale Luigi Ferraris,Ermanno Feliciani,/en/matches/f8dba673/Genoa-Monza-March-9-2024-Serie-A,,f8dba673
28,Sat,2024-03-09,15:00,Sassuolo,0.6,1–0,1.3,Frosinone,11189,Mapei Stadium - Città del Tricolore,Federico La Penna,/en/matches/def050b8/Sassuolo-Frosinone-March-9-2024-Serie-A,,def050b8
28,Sun,2024-03-10,20:45,Fiorentina,2.1,2–2,0.6,Roma,30438,Stadio Artemio Franchi,Davide Massa,/en/matches/363812cb/Fiorentina-Roma-March-10-2024-Serie-A,,363812cb
28,Sun,2024-03-10,18:00,Juventus,1.3,2–2,0.5,Atalanta,39206,Allianz Stadium,Marco Guida,/en/matches/b18f50f9/Juventus-Atalanta-March-10-2024-Serie-A,,b18f50f9
28,Sun,2024-03-10,12:30,Lecce,1.0,0–1,0.6,Hellas Verona,25222,Stadio Comunale Via Del Mare,Daniele Chiffi,/en/matches/d48f5312/Lecce-Hellas-Verona-March-10-2024-Serie-A,,d48f5312
28,Sun,2024-03-10,15:00,Milan,0.8,1–0,0.2,Empoli,70343,Stadio Giuseppe Meazza,Juan Sacchi,/en/matches/11b229fa/Milan-Empoli-March-10-2024-Serie-A,,11b229fa
28,Mon,2024-03-11,20:45,Lazio,2.2,1–2,1.2,Udinese,34000,Stadio Olimpico,Gianluca Aureliano,/en/matches/b33bb354/Lazio-Udinese-March-11-2024-Serie-A,,b33bb354
29,Fri,2024-03-15,20:45,Empoli,1.0,0–1,2.3,Bologna,16000,Stadio Carlo Castellani,Michael Fabbri,/en/matches/241bbdd3/Empoli-Bologna-March-15-2024-Serie-A,,241bbdd3
29,Sat,2024-03-16,20:45,Frosinone,2.1,2–3,2.9,Lazio,15780,Stadio Benito Stirpe,Antonio Rapuano,/en/matches/8ec58037/Frosinone-Lazio-March-16-2024-Serie-A,,8ec58037
29,Sat,2024-03-16,15:00,Monza,1.0,1–0,0.4,Cagliari,14145,U-Power Stadium,Matteo Marcenaro,/en/matches/d2087228/Monza-Cagliari-March-16-2024-Serie-A,,d2087228
29,Sat,2024-03-16,18:00,Salernitana,1.2,0–1,1.2,Lecce,15376,Stadio Arechi,Fabio Maresca,/en/matches/4a8236bd/Salernitana-Lecce-March-16-2024-Serie-A,,4a8236bd
29,Sat,2024-03-16,15:00,Udinese,0.4,0–2,1.0,Torino,21223,Bluenergy Stadium,Andrea Colombo,/en/matches/6309f668/Udinese-Torino-March-16-2024-Serie-A,,6309f668
29,Sun,2024-03-17,15:00,Hellas Verona,0.5,1–3,2.7,Milan,26165,Stadio Marc'Antonio Bentegodi,Maurizio Mariani,/en/matches/73d4a95b/Hellas-Verona-Milan-March-17-2024-Serie-A,,73d4a95b
29,Sun,2024-03-17,20:45,Inter,1.6,1–1,1.4,Napoli,71551,Stadio Giuseppe Meazza,Federico La Penna,/en/matches/3ea9e35f/Internazionale-Napoli-March-17-2024-Serie-A,,3ea9e35f
29,Sun,2024-03-17,12:30,Juventus,1.0,0–0,0.2,Genoa,40098,Allianz Stadium,Antonio Giua,/en/matches/4406f8bc/Juventus-Genoa-March-17-2024-Serie-A,,4406f8bc
29,Sun,2024-03-17,18:00,Roma,0.7,1–0,0.5,Sassuolo,66871,Stadio Olimpico,Gianluca Manganiello,/en/matches/a59ffc20/Roma-Sassuolo-March-17-2024-Serie-A,,a59ffc20
30,Sat,2024-03-30,20:45,Fiorentina,1.4,1–2,3.1,Milan,34273,Stadio Artemio Franchi,Fabio Maresca,/en/matches/a9ac1dd4/Fiorentina-Milan-March-30-2024-Serie-A,,a9ac1dd4
30,Sat,2024-03-30,15:00,Genoa,1.5,1–1,0.8,Frosinone,31462,Stadio Comunale Luigi Ferraris,Juan Sacchi,/en/matches/949865c6/Genoa-Frosinone-March-30-2024-Serie-A,,949865c6
30,Sat,2024-03-30,18:00,Lazio,1.1,1–0,0.5,Juventus,53000,Stadio Olimpico,Andrea Colombo,/en/matches/2b4a58d1/Lazio-Juventus-March-30-2024-Serie-A,,2b4a58d1
30,Sat,2024-03-30,12:30,Napoli,1.6,0–3,0.9,Atalanta,50000,Stadio Diego Armando Maradona,Luca Pairetto,/en/matches/45e6d215/Napoli-Atalanta-March-30-2024-Serie-A,,45e6d215
30,Sat,2024-03-30,15:00,Torino,1.6,1–0,0.8,Monza,24286,Stadio Olimpico di Torino,Gianluca Aureliano,/en/matches/a797c77d/Torino-Monza-March-30-2024-Serie-A,,a797c77d
30,Mon,2024-04-01,12:30,Bologna,1.6,3–0,0.6,Salernitana,27255,Stadio Renato Dall'Ara,Ermanno Feliciani,/en/matches/b2dfb23d/Bologna-Salernitana-April-1-2024-Serie-A,,b2dfb23d
30,Mon,2024-04-01,15:00,Cagliari,0.6,1–1,1.4,Hellas Verona,16285,Unipol Domus,Daniele Doveri,/en/matches/f7d8a40e/Cagliari-Hellas-Verona-April-1-2024-Serie-A,,f7d8a40e
30,Mon,2024-04-01,20:45,Inter,2.1,2–0,0.5,Empoli,71551,Stadio Giuseppe Meazza,Federico Dionisi,/en/matches/58bfb9d7/Internazionale-Empoli-April-1-2024-Serie-A,,58bfb9d7
30,Mon,2024-04-01,18:00,Lecce,1.8,0–0,1.3,Roma,29031,Stadio Comunale Via Del Mare,Matteo Marcenaro,/en/matches/e48fdc60/Lecce-Roma-April-1-2024-Serie-A,,e48fdc60
30,Mon,2024-04-01,15:00,Sassuolo,1.2,1–1,1.5,Udinese,11512,Mapei Stadium - Città del Tricolore,Michael Fabbri,/en/matches/f6e582c5/Sassuolo-Udinese-April-1-2024-Serie-A,,f6e582c5
31,Fri,2024-04-05,20:45,Salernitana,1.2,2–2,2.3,Sassuolo,14036,Stadio Arechi,Simone Sozza,/en/matches/093991c7/Salernitana-Sassuolo-April-5-2024-Serie-A,,093991c7
31,Sat,2024-04-06,20:45,Empoli,0.5,3–2,2.1,Torino,8374,Stadio Carlo Castellani,Davide Massa,/en/matches/4b35fb0d/Empoli-Torino-April-6-2024-Serie-A,,4b35fb0d
31,Sat,2024-04-06,15:00,Milan,1.5,3–0,0.5,Lecce,71576,Stadio Giuseppe Meazza,Luca Massimi,/en/matches/43765d2c/Milan-Lecce-April-6-2024-Serie-A,,43765d2c
31,Sat,2024-04-06,18:00,Roma,0.7,1–0,0.4,Lazio,64513,Stadio Olimpico,Marco Guida,/en/matches/c6904d7c/Roma-Lazio-April-6-2024-Serie-A,,c6904d7c
31,Sun,2024-04-07,18:00,Cagliari,0.7,2–1,0.5,Atalanta,16342,Unipol Domus,Antonio Rapuano,/en/matches/3a4f86ae/Cagliari-Atalanta-April-7-2024-Serie-A,,3a4f86ae
31,Sun,2024-04-07,12:30,Frosinone,0.4,0–0,2.0,Bologna,14986,Stadio Benito Stirpe,Daniele Orsato,/en/matches/9e8b48ec/Frosinone-Bologna-April-7-2024-Serie-A,,9e8b48ec
31,Sun,2024-04-07,18:00,Hellas Verona,1.3,1–2,2.2,Genoa,20342,Stadio Marc'Antonio Bentegodi,Gianluca Manganiello,/en/matches/b266d1c5/Hellas-Verona-Genoa-April-7-2024-Serie-A,,b266d1c5
31,Sun,2024-04-07,20:45,Juventus,1.9,1–0,0.5,Fiorentina,37994,Allianz Stadium,Federico La Penna,/en/matches/186d535c/Juventus-Fiorentina-April-7-2024-Serie-A,,186d535c
31,Sun,2024-04-07,15:00,Monza,0.4,2–4,2.2,Napoli,13169,U-Power Stadium,Daniele Doveri,/en/matches/9bd21fb8/Monza-Napoli-April-7-2024-Serie-A,,9bd21fb8
31,Mon,2024-04-08,20:45,Udinese,0.1,1–2,3.3,Inter,24993,Bluenergy Stadium,Marco Piccinini,/en/matches/13a593d3/Udinese-Internazionale-April-8-2024-Serie-A,,13a593d3
32,Fri,2024-04-12,20:45,Lazio,1.9,4–1,0.6,Salernitana,34000,Stadio Olimpico,Luca Zufferli,/en/matches/500cf804/Lazio-Salernitana-April-12-2024-Serie-A,,500cf804
32,Sat,2024-04-13,20:45,Bologna,2.1,0–0,0.4,Monza,26903,Stadio Renato Dall'Ara,Federico La Penna,/en/matches/7ae9f1cb/Bologna-Monza-April-13-2024-Serie-A,,7ae9f1cb
32,Sat,2024-04-13,15:00,Lecce,2.6,1–0,0.1,Empoli,25957,Stadio Comunale Via Del Mare,Maurizio Mariani,/en/matches/e1660e90/Lecce-Empoli-April-13-2024-Serie-A,,e1660e90
32,Sat,2024-04-13,18:00,Torino,0.6,0–0,1.2,Juventus,27788,Stadio Olimpico di Torino,Fabio Maresca,/en/matches/df4af29b/Torino-Juventus-April-13-2024-Serie-A,,df4af29b
32,Sun,2024-04-14,20:45,Inter,2.0,2–2,1.1,Cagliari,72559,Stadio Giuseppe Meazza,Francesco Fourneau,/en/matches/6fa3136b/Internazionale-Cagliari-April-14-2024-Serie-A,,6fa3136b
32,Sun,2024-04-14,12:30,Napoli,2.2,2–2,2.4,Frosinone,51177,Stadio Diego Armando Maradona,Michael Fabbri,/en/matches/4cd52f7a/Napoli-Frosinone-April-14-2024-Serie-A,,4cd52f7a
32,Sun,2024-04-14,15:00,Sassuolo,1.2,3–3,2.8,Milan,19199,Mapei Stadium - Città del Tricolore,Davide Massa,/en/matches/55d35708/Sassuolo-Milan-April-14-2024-Serie-A,,55d35708
32,Mon,2024-04-15,20:45,Atalanta,1.5,2–2,1.5,Hellas Verona,14666,Gewiss Stadium,Juan Sacchi,/en/matches/6a69ffd2/Atalanta-Hellas-Verona-April-15-2024-Serie-A,,6a69ffd2
32,Mon,2024-04-15,18:30,Fiorentina,1.5,1–1,1.3,Genoa,25120,Stadio Artemio Franchi,Davide Di Marco,/en/matches/f4f2aa58/Fiorentina-Genoa-April-15-2024-Serie-A,,f4f2aa58
33,Fri,2024-04-19,20:45,Cagliari,2.2,2–2,0.7,Juventus,16179,Unipol Domus,Marco Piccinini,/en/matches/9886fa0c/Cagliari-Juventus-April-19-2024-Serie-A,,9886fa0c
33,Fri,2024-04-19,18:30,Genoa,0.5,0–1,1.0,Lazio,30697,Stadio Comunale Luigi Ferraris,Ermanno Feliciani,/en/matches/a83ed0d9/Genoa-Lazio-April-19-2024-Serie-A,,a83ed0d9
33,Sat,2024-04-20,18:00,Empoli,0.9,1–0,0.6,Napoli,12500,Stadio Carlo Castellani,Gianluca Manganiello,/en/matches/08b10a76/Empoli-Napoli-April-20-2024-Serie-A,,08b10a76
33,Sat,2024-04-20,20:45,Hellas Verona,0.8,1–0,1.7,Udinese,27662,Stadio Marc'Antonio Bentegodi,Marco Guida,/en/matches/e1ddfae8/Hellas-Verona-Udinese-April-20-2024-Serie-A,,e1ddfae8
33,Sun,2024-04-21,20:45,Monza,1.1,1–2,1.5,Atalanta,13983,U-Power Stadium,Antonio Giua,/en/matches/8959e7b1/Monza-Atalanta-April-21-2024-Serie-A,,8959e7b1
33,Sun,2024-04-21,18:00,Salernitana,0.2,0–2,2.0,Fiorentina,14597,Stadio Arechi,Matteo Marchetti,/en/matches/fcfc5c95/Salernitana-Fiorentina-April-21-2024-Serie-A,,fcfc5c95
33,Sun,2024-04-21,12:30,Sassuolo,0.6,0–3,2.3,Lecce,16210,Mapei Stadium - Città del Tricolore,Daniele Doveri,/en/matches/d1e0f970/Sassuolo-Lecce-April-21-2024-Serie-A,,d1e0f970
33,Sun,2024-04-21,15:00,Torino,0.6,0–0,0.6,Frosinone,23728,Stadio Olimpico di Torino,Antonio Rapuano,/en/matches/ee365788/Torino-Frosinone-April-21-2024-Serie-A,,ee365788
33,Mon,2024-04-22,20:45,Milan,2.2,1–2,2.0,Inter,75554,Stadio Giuseppe Meazza,Andrea Colombo,/en/matches/f8a1cbc3/Derby-della-Madonnina-Milan-Internazionale-April-22-2024-Serie-A,,f8a1cbc3
33,Mon,2024-04-22,18:30,Roma,2.0,1–3,1.1,Bologna,63850,Stadio Olimpico,Fabio Maresca,/en/matches/483d3341/Roma-Bologna-April-22-2024-Serie-A,,483d3341
32,Thu,2024-04-25,20:00,Udinese,0.6,1–2,1.4,Roma,24947,Bluenergy Stadium,Luca Pairetto,/en/matches/bca64d25/Udinese-Roma-April-25-2024-Serie-A,,bca64d25
34,Fri,2024-04-26,20:45,Frosinone,1.7,3–0,1.4,Salernitana,13728,Stadio Benito Stirpe,Francesco Fourneau,/en/matches/4fefb5fb/Frosinone-Salernitana-April-26-2024-Serie-A,,4fefb5fb
34,Sat,2024-04-27,18:00,Juventus,1.4,0–0,0.3,Milan,39845,Allianz Stadium,Maurizio Mariani,/en/matches/023acbca/Juventus-Milan-April-27-2024-Serie-A,,023acbca
34,Sat,2024-04-27,20:45,Lazio,1.1,1–0,0.6,Hellas Verona,39000,Stadio Olimpico,Davide Massa,/en/matches/730f4d2a/Lazio-Hellas-Verona-April-27-2024-Serie-A,,730f4d2a
34,Sat,2024-04-27,15:00,Lecce,0.9,1–1,1.1,Monza,27167,Stadio Comunale Via Del Mare,Alberto Santoro,/en/matches/04472974/Lecce-Monza-April-27-2024-Serie-A,,04472974
34,Sun,2024-04-28,18:00,Atalanta,1.9,2–0,0.4,Empoli,14614,Gewiss Stadium,Michael Fabbri,/en/matches/526fed3e/Atalanta-Empoli-April-28-2024-Serie-A,,526fed3e
34,Sun,2024-04-28,15:00,Bologna,0.7,1–1,0.7,Udinese,27396,Stadio Renato Dall'Ara,Juan Sacchi,/en/matches/e7aba6c2/Bologna-Udinese-April-28-2024-Serie-A,,e7aba6c2
34,Sun,2024-04-28,20:45,Fiorentina,3.2,5–1,0.3,Sassuolo,22575,Stadio Artemio Franchi,Matteo Marcenaro,/en/matches/a325ac75/Fiorentina-Sassuolo-April-28-2024-Serie-A,,a325ac75
34,Sun,2024-04-28,12:30,Inter,1.7,2–0,0.5,Torino,71686,Stadio Giuseppe Meazza,Maria Sole Ferrieri Caputi,/en/matches/dbd84631/Internazionale-Torino-April-28-2024-Serie-A,,dbd84631
34,Sun,2024-04-28,18:00,Napoli,3.0,2–2,1.6,Roma,45000,Stadio Diego Armando Maradona,Simone Sozza,/en/matches/5820452a/Derby-del-Sole-Napoli-Roma-April-28-2024-Serie-A,,5820452a
34,Mon,2024-04-29,20:45,Genoa,1.2,3–0,1.1,Cagliari,17257,Stadio Comunale Luigi Ferraris,Federico Dionisi,/en/matches/29911872/Genoa-Cagliari-April-29-2024-Serie-A,,29911872
35,Fri,2024-05-03,20:45,Torino,0.7,0–0,0.2,Bologna,23895,Stadio Olimpico di Torino,Simone Sozza,/en/matches/b1ee8734/Torino-Bologna-May-3-2024-Serie-A,,b1ee8734
35,Sat,2024-05-04,18:00,Monza,1.7,2–2,1.4,Lazio,10454,U-Power Stadium,Luca Pairetto,/en/matches/4a66cc9f/Monza-Lazio-May-4-2024-Serie-A,,4a66cc9f
35,Sat,2024-05-04,20:45,Sassuolo,0.3,1–0,1.1,Inter,19454,Mapei Stadium - Città del Tricolore,Matteo Marchetti,/en/matches/ed10c7dd/Sassuolo-Internazionale-May-4-2024-Serie-A,,ed10c7dd
35,Sun,2024-05-05,12:30,Cagliari,1.0,1–1,1.8,Lecce,16407,Unipol Domus,Matteo Marcenaro,/en/matches/37175126/Cagliari-Lecce-May-5-2024-Serie-A,,37175126
35,Sun,2024-05-05,15:00,Empoli,0.3,0–0,1.2,Frosinone,13110,Stadio Carlo Castellani,Daniele Doveri,/en/matches/8e717098/Empoli-Frosinone-May-5-2024-Serie-A,,8e717098
35,Sun,2024-05-05,15:00,Hellas Verona,1.9,2–1,0.9,Fiorentina,27821,Stadio Marc'Antonio Bentegodi,Antonio Rapuano,/en/matches/f7dadfce/Hellas-Verona-Fiorentina-May-5-2024-Serie-A,,f7dadfce
35,Sun,2024-05-05,18:00,Milan,2.8,3–3,1.0,Genoa,73901,Stadio Giuseppe Meazza,Alessandro Prontera,/en/matches/a1381aec/Milan-Genoa-May-5-2024-Serie-A,,a1381aec
35,Sun,2024-05-05,20:45,Roma,1.7,1–1,1.2,Juventus,63996,Stadio Olimpico,Andrea Colombo,/en/matches/f1a8a603/Roma-Juventus-May-5-2024-Serie-A,,f1a8a603
35,Mon,2024-05-06,18:00,Salernitana,0.5,1–2,1.9,Atalanta,12980,Stadio Arechi,Ermanno Feliciani,/en/matches/4d799b02/Salernitana-Atalanta-May-6-2024-Serie-A,,4d799b02
35,Mon,2024-05-06,20:45,Udinese,0.7,1–1,0.8,Napoli,20872,Bluenergy Stadium,Gianluca Aureliano,/en/matches/03676818/Udinese-Napoli-May-6-2024-Serie-A,,03676818
36,Fri,2024-05-10,20:45,Frosinone,1.3,0–5,1.8,Inter,16021,Stadio Benito Stirpe,Antonio Giua,/en/matches/74782a23/Frosinone-Internazionale-May-10-2024-Serie-A,,74782a23
36,Sat,2024-05-11,20:45,Milan,3.3,5–1,1.5,Cagliari,70612,Stadio Giuseppe Meazza,Simone Sozza,/en/matches/dec7c7ae/Milan-Cagliari-May-11-2024-Serie-A,,dec7c7ae
36,Sat,2024-05-11,18:00,Napoli,1.5,0–2,1.4,Bologna,43000,Stadio Diego Armando Maradona,Luca Pairetto,/en/matches/faae1fb0/Napoli-Bologna-May-11-2024-Serie-A,,faae1fb0
36,Sun,2024-05-12,20:45,Atalanta,2.7,2–1,1.2,Roma,14895,Gewiss Stadium,Marco Guida,/en/matches/9eba4ff1/Atalanta-Roma-May-12-2024-Serie-A,,9eba4ff1
36,Sun,2024-05-12,15:00,Genoa,0.9,2–1,1.7,Sassuolo,31412,Stadio Comunale Luigi Ferraris,Maurizio Mariani,/en/matches/4e7774b9/Genoa-Sassuolo-May-12-2024-Serie-A,,4e7774b9
36,Sun,2024-05-12,15:00,Hellas Verona,1.2,1–2,0.5,Torino,25964,Stadio Marc'Antonio Bentegodi,Livio Marinelli,/en/matches/cee937fb/Hellas-Verona-Torino-May-12-2024-Serie-A,,cee937fb
36,Sun,2024-05-12,18:00,Juventus,2.3,1–1,0.8,Salernitana,37470,Allianz Stadium,Alberto Santoro,/en/matches/8724a3c4/Juventus-Salernitana-May-12-2024-Serie-A,,8724a3c4
36,Sun,2024-05-12,12:30,Lazio,1.7,2–0,1.2,Empoli,54000,Stadio Olimpico,Gianluca Aureliano,/en/matches/f6279636/Lazio-Empoli-May-12-2024-Serie-A,,f6279636
36,Mon,2024-05-13,20:45,Fiorentina,2.5,2–1,0.7,Monza,24376,Stadio Artemio Franchi,Luca Zufferli,/en/matches/10f0c822/Fiorentina-Monza-May-13-2024-Serie-A,,10f0c822
36,Mon,2024-05-13,18:30,Lecce,0.4,0–2,1.4,Udinese,28041,Stadio Comunale Via Del Mare,Davide Massa,/en/matches/515646b5/Lecce-Udinese-May-13-2024-Serie-A,,515646b5
37,Fri,2024-05-17,20:45,Fiorentina,0.6,2–2,1.2,Napoli,32100,Stadio Artemio Franchi,Matteo Marchetti,/en/matches/b2fbe157/Fiorentina-Napoli-May-17-2024-Serie-A,,b2fbe157
37,Sat,2024-05-18,18:00,Lecce,1.3,0–2,1.6,Atalanta,26354,Stadio Comunale Via Del Mare,Antonio Rapuano,/en/matches/d63c561d/Lecce-Atalanta-May-18-2024-Serie-A,,d63c561d
37,Sat,2024-05-18,20:45,Torino,0.9,3–1,1.9,Milan,24638,Stadio Olimpico di Torino,Ermanno Feliciani,/en/matches/a6891295/Torino-Milan-May-18-2024-Serie-A,,a6891295
37,Sun,2024-05-19,18:00,Inter,1.4,1–1,0.6,Lazio,73148,Stadio Giuseppe Meazza,Juan Sacchi,/en/matches/d6135ea2/Internazionale-Lazio-May-19-2024-Serie-A,,d6135ea2
37,Sun,2024-05-19,15:00,Monza,1.0,0–1,2.0,Frosinone,12306,U-Power Stadium,Michael Fabbri,/en/matches/ab8f65b4/Monza-Frosinone-May-19-2024-Serie-A,,ab8f65b4
37,Sun,2024-05-19,20:45,Roma,0.8,1–0,0.5,Genoa,67334,Stadio Olimpico,Gianluca Manganiello,/en/matches/44d3d4bd/Roma-Genoa-May-19-2024-Serie-A,,44d3d4bd
37,Sun,2024-05-19,12:30,Sassuolo,0.3,0–2,1.5,Cagliari,15548,Mapei Stadium - Città del Tricolore,Daniele Doveri,/en/matches/fdf3012f/Sassuolo-Cagliari-May-19-2024-Serie-A,,fdf3012f
37,Sun,2024-05-19,15:00,Udinese,1.2,1–1,0.8,Empoli,24686,Bluenergy Stadium,Daniele Orsato,/en/matches/bcf20196/Udinese-Empoli-May-19-2024-Serie-A,,bcf20196
37,Mon,2024-05-20,20:45,Bologna,1.4,3–3,0.7,Juventus,29603,Stadio Renato Dall'Ara,Giovanni Ayroldi,/en/matches/f98081f6/Bologna-Juventus-May-20-2024-Serie-A,,f98081f6
37,Mon,2024-05-20,18:30,Salernitana,0.6,1–2,2.1,Hellas Verona,15998,Stadio Arechi,Marco Di Bello,/en/matches/59f4da77/Salernitana-Hellas-Verona-May-20-2024-Serie-A,,59f4da77
38,Thu,2024-05-23,20:45,Cagliari,1.9,2–3,2.0,Fiorentina,16412,Unipol Domus,Alessandro Prontera,/en/matches/833bac38/Cagliari-Fiorentina-May-23-2024-Serie-A,,833bac38
38,Fri,2024-05-24,20:45,Genoa,1.5,2–0,1.0,Bologna,32255,Stadio Comunale Luigi Ferraris,Alberto Santoro,/en/matches/0411cef1/Genoa-Bologna-May-24-2024-Serie-A,,0411cef1
38,Sat,2024-05-25,18:00,Juventus,0.9,2–0,0.6,Monza,15148,Allianz Stadium,Maria Sole Ferrieri Caputi,/en/matches/b0036fc8/Juventus-Monza-May-25-2024-Serie-A,,b0036fc8
38,Sat,2024-05-25,20:45,Milan,3.0,3–3,1.7,Salernitana,70831,Stadio Giuseppe Meazza,Davide Di Marco,/en/matches/9492fa68/Milan-Salernitana-May-25-2024-Serie-A,,9492fa68
38,Sun,2024-05-26,18:00,Atalanta,2.6,3–0,1.1,Torino,14839,Gewiss Stadium,Simone Sozza,/en/matches/a2652733/Atalanta-Torino-May-26-2024-Serie-A,,a2652733
38,Sun,2024-05-26,20:45,Empoli,2.6,2–1,1.3,Roma,15896,Stadio Carlo Castellani,Davide Massa,/en/matches/2ee9be16/Empoli-Roma-May-26-2024-Serie-A,,2ee9be16
38,Sun,2024-05-26,20:45,Frosinone,0.8,0–1,0.7,Udinese,16190,Stadio Benito Stirpe,Daniele Doveri,/en/matches/65f327b4/Frosinone-Udinese-May-26-2024-Serie-A,,65f327b4
38,Sun,2024-05-26,20:45,Hellas Verona,1.7,2–2,2.4,Inter,22447,Stadio Marc'Antonio Bentegodi,Luca Zufferli,/en/matches/d97ac2fa/Hellas-Verona-Internazionale-May-26-2024-Serie-A,,d97ac2fa
38,Sun,2024-05-26,20:45,Lazio,1.0,1–1,1.1,Sassuolo,56000,Stadio Olimpico,Paride Tremolada,/en/matches/2b4865cf/Lazio-Sassuolo-May-26-2024-Serie-A,,2b4865cf
38,Sun,2024-05-26,18:00,Napoli,1.5,0–0,0.5,Lecce,41000,Stadio Diego Armando Maradona,Federico Dionisi,/en/matches/c234b266/Napoli-Lecce-May-26-2024-Serie-A,,c234b266
29,Sun,2024-06-02,18:00,Atalanta,1.7,2–3,1.2,Fiorentina,14851,Gewiss Stadium,Daniele Orsato,/en/matches/ceb127e3/Atalanta-Fiorentina-June-2-2024-Serie-A,,ceb127e3
